    i,    t(s),    U(V),    I(A),   Vd+,   Vd-
    0,       8,  5.1762,  0.1232, 1.863, 1.863
    1,      11,  5.1777,  0.1898, 1.877, 1.875
    2,      14,  5.1777,  0.2102, 1.876, 1.873
    3,      17,  5.1770,  0.1414, 1.865, 1.864
    4,      20,  5.1790,  0.1513, 1.867, 1.868
    5,      23,  5.2244,  0.7318, 1.955, 1.953
    6,      26,  5.1787,  0.2146, 1.874, 1.874
    7,      29,  5.1750,  0.3841, 1.893, 1.891
    8,      32,  5.1800,  0.3747, 1.889, 1.891
    9,      35,  5.1795,  0.1679, 1.876, 1.874
   10,      38,  5.1848,  0.1643, 1.867, 1.867
   11,      41,  5.1795,  0.1024, 1.860, 1.859
   12,      44,  5.1818,  0.0654, 1.855, 1.854
   13,      47,  5.1795,  0.0627, 1.855, 1.854
   14,      50,  5.1805,  0.0541, 1.853, 1.852
   15,      53,  5.1785,  0.0539, 1.854, 1.854
   16,      56,  5.1810,  0.0542, 1.854, 1.853
   17,      59,  5.1803,  0.0539, 1.854, 1.854
   18,      62,  5.1803,  0.0664, 1.855, 1.855
   19,      65,  5.1793,  0.0547, 1.857, 1.855
   20,      68,  5.1790,  0.0541, 1.854, 1.854
   21,      71,  5.1810,  0.0433, 2.501, 2.500
   22,      74,  5.1800,  0.0431, 2.501, 2.496
   23,      77,  5.1805,  0.0431, 2.501, 2.501
   24,      80,  5.1790,  0.0433, 2.500, 2.496
   25,      83,  5.1813,  0.0433, 2.501, 2.501
   26,      86,  5.1793,  0.0431, 2.498, 2.500
   27,      89,  5.1805,  0.0431, 2.501, 2.500
   28,      92,  5.1787,  0.0433, 2.499, 2.500
   29,      95,  5.1800,  0.0431, 2.501, 2.501
   30,      98,  5.1790,  0.0433, 2.501, 2.500
   31,     101,  5.1767,  0.0582, 1.855, 1.855
   32,     104,  5.1762,  0.0587, 1.855, 1.855
   33,     107,  5.1770,  0.0547, 1.855, 1.854
   34,     110,  5.1757,  0.0844, 1.857, 1.857
   35,     113,  5.1765,  0.0852, 1.858, 1.858
   36,     116,  5.1798,  0.0856, 1.859, 1.858
   37,     119,  5.1795,  0.0852, 1.859, 1.857
   38,     122,  5.1803,  0.0815, 1.858, 1.857
   39,     125,  5.1815,  0.0433, 2.498, 2.501
   40,     128,  5.1820,  0.0431, 2.502, 2.501
   41,     131,  5.1810,  0.0431, 2.502, 2.501
   42,     134,  5.1815,  0.0431, 2.503, 2.502
   43,     137,  5.1787,  0.0431, 2.502, 2.502
   44,     140,  5.1813,  0.0431, 2.502, 2.502
   45,     143,  5.1805,  0.0431, 2.502, 2.502
   46,     146,  5.1795,  0.0431, 2.502, 2.499
   47,     149,  5.1790,  0.0431, 2.501, 2.498
   48,     152,  5.1823,  0.0431, 2.499, 2.502
   49,     155,  5.1787,  0.0431, 2.503, 2.501
   50,     158,  5.1823,  0.0431, 2.503, 2.502
   51,     161,  5.1790,  0.0431, 2.502, 2.501
   52,     164,  5.1818,  0.0430, 2.502, 2.502
   53,     167,  5.1800,  0.0431, 2.503, 2.502
   54,     170,  5.1810,  0.0431, 2.503, 2.502
   55,     173,  5.1803,  0.0431, 2.503, 2.502
   56,     176,  5.1825,  0.0431, 2.503, 2.500
   57,     179,  5.1795,  0.0430, 2.499, 2.500
   58,     182,  5.1810,  0.0430, 2.499, 2.502
   59,     185,  5.1785,  0.0431, 2.501, 2.501
   60,     188,  5.1793,  0.0430, 2.503, 2.502
   61,     191,  5.1800,  0.0430, 2.503, 2.502
   62,     194,  5.1818,  0.0430, 2.503, 2.503
   63,     197,  5.1815,  0.0430, 2.503, 2.502
   64,     200,  5.1815,  0.0431, 2.503, 2.502
   65,     203,  5.1815,  0.0430, 2.502, 2.498
   66,     206,  5.1818,  0.0430, 2.500, 2.500
   67,     209,  5.1810,  0.0430, 2.502, 2.502
   68,     212,  5.1798,  0.0430, 2.503, 2.502
   69,     215,  5.1813,  0.0430, 2.503, 2.503
   70,     218,  5.1785,  0.0430, 2.503, 2.503
   71,     221,  5.1823,  0.0430, 2.503, 2.501
   72,     224,  5.1805,  0.0430, 2.498, 2.500
   73,     227,  5.1803,  0.0430, 2.502, 2.502
   74,     230,  5.1793,  0.0430, 2.502, 2.502
   75,     233,  5.1823,  0.0430, 2.503, 2.503
   76,     236,  5.1803,  0.0430, 2.503, 2.502
   77,     239,  5.1823,  0.0430, 2.503, 2.502
   78,     242,  5.1800,  0.0430, 2.503, 2.502
   79,     245,  5.1793,  0.0913, 1.860, 1.859
   80,     248,  5.1803,  0.0430, 2.499, 2.501
   81,     251,  5.1838,  0.0430, 2.503, 2.503
   82,     254,  5.1800,  0.0430, 2.502, 2.502
   83,     257,  5.1820,  0.0430, 2.503, 2.503
   84,     260,  5.1808,  0.0431, 2.503, 2.501
   85,     263,  5.1800,  0.0431, 2.500, 2.500
   86,     266,  5.1815,  0.0431, 2.503, 2.502
   87,     269,  5.1793,  0.0430, 2.503, 2.502
   88,     272,  5.1805,  0.0431, 2.502, 2.501
   89,     275,  5.1810,  0.0430, 2.502, 2.501
   90,     278,  5.1805,  0.0430, 2.503, 2.502
   91,     281,  5.1823,  0.0430, 2.503, 2.502
   92,     284,  5.1810,  0.0430, 2.499, 2.501
   93,     287,  5.1818,  0.0430, 2.503, 2.502
   94,     290,  5.1782,  0.1037, 1.861, 1.860
   95,     293,  5.1790,  0.0847, 1.859, 1.859
   96,     296,  5.1805,  0.0836, 1.859, 1.859
   97,     299,  5.1798,  0.0836, 1.859, 1.859
   98,     302,  5.1798,  0.0835, 1.859, 1.858
   99,     305,  5.1803,  0.0810, 1.859, 1.859
  100,     308,  5.1800,  0.0821, 1.859, 1.859
  101,     311,  5.1793,  0.0837, 1.860, 1.859
  102,     314,  5.1780,  0.0810, 1.858, 1.858
  103,     317,  5.1810,  0.0820, 1.859, 1.858
  104,     320,  5.1787,  0.0810, 1.859, 1.858
  105,     323,  5.1790,  0.0825, 1.859, 1.858
  106,     326,  5.1828,  0.0430, 2.502, 2.499
  107,     329,  5.1785,  0.0430, 2.502, 2.501
  108,     332,  5.1803,  0.0430, 2.502, 2.500
  109,     335,  5.1795,  0.0430, 2.502, 2.502
  110,     338,  5.1823,  0.0430, 2.504, 2.503
  111,     341,  5.1800,  0.0430, 2.502, 2.502
  112,     344,  5.1757,  0.0913, 1.863, 1.862
  113,     347,  5.1722,  0.1943, 1.871, 1.870
  114,     350,  5.1732,  0.1637, 1.873, 1.873
  115,     353,  5.1793,  0.2477, 1.872, 1.869
  116,     356,  5.1810,  0.0933, 1.860, 1.860
  117,     359,  5.1790,  0.1190, 1.863, 1.863
  118,     362,  5.1798,  0.1044, 1.860, 1.860
  119,     365,  5.1795,  0.1042, 1.861, 1.860
  120,     368,  5.1805,  0.1044, 1.861, 1.861
  121,     371,  5.1810,  0.1044, 1.861, 1.861
  122,     374,  5.1798,  0.1044, 1.861, 1.861
  123,     377,  5.1798,  0.1044, 1.861, 1.861
  124,     380,  5.1803,  0.1050, 1.861, 1.861
  125,     383,  5.1805,  0.1044, 1.861, 1.860
  126,     386,  5.1800,  0.1044, 1.861, 1.860
  127,     389,  5.1795,  0.1042, 1.861, 1.860
  128,     392,  5.1798,  0.1051, 1.868, 1.867
  129,     395,  5.1805,  0.1048, 1.858, 1.858
  130,     398,  5.1803,  0.1040, 1.858, 1.858
  131,     401,  5.1803,  0.1042, 1.858, 1.858
  132,     404,  5.1787,  0.1040, 1.857, 1.857
  133,     407,  5.1803,  0.1040, 1.858, 1.857
  134,     410,  5.1793,  0.1040, 1.857, 1.857
  135,     413,  5.1800,  0.1042, 1.858, 1.857
  136,     416,  5.1798,  0.1042, 1.857, 1.857
  137,     419,  5.1785,  0.1040, 1.858, 1.858
  138,     422,  5.1803,  0.1040, 1.858, 1.857
  139,     425,  5.1785,  0.1040, 1.858, 1.858
  140,     428,  5.1798,  0.1040, 1.858, 1.858
  141,     431,  5.1828,  0.1040, 1.858, 1.857
  142,     434,  5.1805,  0.1040, 1.858, 1.857
  143,     437,  5.1810,  0.1040, 1.858, 1.858
  144,     440,  5.1805,  0.1040, 1.859, 1.858
  145,     443,  5.1808,  0.1040, 1.858, 1.858
  146,     446,  5.1795,  0.1040, 1.857, 1.858
  147,     449,  5.1793,  0.1040, 1.858, 1.858
  148,     452,  5.1795,  0.1042, 1.858, 1.857
  149,     455,  5.1795,  0.1040, 1.858, 1.858
  150,     458,  5.1808,  0.1040, 1.858, 1.858
  151,     461,  5.1800,  0.1040, 1.858, 1.858
  152,     464,  5.1803,  0.1040, 1.858, 1.858
  153,     467,  5.1803,  0.1040, 1.858, 1.857
  154,     470,  5.1803,  0.1040, 1.858, 1.858
  155,     473,  5.1808,  0.1042, 1.859, 1.858
  156,     476,  5.1808,  0.1040, 1.858, 1.858
  157,     479,  5.1805,  0.1040, 1.858, 1.857
  158,     482,  5.1805,  0.1040, 1.858, 1.858
  159,     485,  5.1800,  0.1040, 1.858, 1.858
  160,     488,  5.1805,  0.1040, 1.858, 1.857
  161,     491,  5.1800,  0.1040, 1.858, 1.857
  162,     494,  5.1805,  0.1040, 1.858, 1.858
  163,     497,  5.1803,  0.1040, 1.858, 1.857
  164,     500,  5.1782,  0.1040, 1.858, 1.857
  165,     503,  5.1795,  0.1040, 1.857, 1.857
  166,     506,  5.1808,  0.1042, 1.858, 1.858
  167,     509,  5.1805,  0.1040, 1.858, 1.858
  168,     512,  5.1805,  0.1042, 1.857, 1.857
  169,     515,  5.1805,  0.1042, 1.858, 1.858
  170,     518,  5.1823,  0.1040, 1.858, 1.858
  171,     521,  5.1808,  0.1046, 1.858, 1.857
  172,     524,  5.1810,  0.1040, 1.858, 1.858
  173,     527,  5.1795,  0.1040, 1.858, 1.858
  174,     530,  5.1798,  0.1040, 1.858, 1.858
  175,     533,  5.1813,  0.1040, 1.859, 1.858
  176,     536,  5.1805,  0.1045, 1.858, 1.858
  177,     539,  5.1798,  0.1040, 1.857, 1.858
  178,     542,  5.1805,  0.1040, 1.858, 1.858
  179,     545,  5.1805,  0.1040, 1.858, 1.858
  180,     548,  5.1803,  0.1040, 1.858, 1.857
  181,     551,  5.1808,  0.1040, 1.858, 1.858
  182,     554,  5.1805,  0.1040, 1.858, 1.858
  183,     557,  5.1810,  0.1040, 1.858, 1.858
  184,     560,  5.1805,  0.1040, 1.858, 1.858
  185,     563,  5.1808,  0.1040, 1.858, 1.858
  186,     566,  5.1805,  0.1040, 1.857, 1.857
  187,     569,  5.1803,  0.1040, 1.858, 1.857
  188,     572,  5.1805,  0.1040, 1.858, 1.858
  189,     575,  5.1803,  0.1042, 1.858, 1.857
  190,     578,  5.1793,  0.1040, 1.858, 1.857
  191,     581,  5.1777,  0.1040, 1.857, 1.857
  192,     584,  5.1800,  0.1040, 1.858, 1.857
  193,     587,  5.1803,  0.1040, 1.857, 1.857
  194,     590,  5.1800,  0.1040, 1.857, 1.857
  195,     593,  5.1808,  0.1040, 1.858, 1.857
  196,     596,  5.1800,  0.1042, 1.858, 1.857
  197,     599,  5.1805,  0.1040, 1.857, 1.857
  198,     602,  5.1798,  0.1040, 1.857, 1.857
  199,     605,  5.1818,  0.1040, 1.858, 1.858
  200,     608,  5.1805,  0.1040, 1.858, 1.858
  201,     611,  5.1808,  0.1040, 1.858, 1.858
  202,     614,  5.1800,  0.1042, 1.858, 1.857
  203,     617,  5.1798,  0.1040, 1.858, 1.857
  204,     620,  5.1805,  0.1040, 1.858, 1.858
  205,     623,  5.1798,  0.1040, 1.858, 1.858
  206,     626,  5.1803,  0.1040, 1.858, 1.857
  207,     629,  5.1790,  0.1040, 1.858, 1.856
  208,     632,  5.1798,  0.1039, 1.858, 1.857
  209,     635,  5.1798,  0.1042, 1.858, 1.857
  210,     638,  5.1803,  0.1042, 1.858, 1.857
  211,     641,  5.1793,  0.1042, 1.858, 1.857
  212,     644,  5.1795,  0.1042, 1.857, 1.857
  213,     647,  5.1798,  0.1046, 1.857, 1.857
  214,     650,  5.1800,  0.1042, 1.858, 1.858
  215,     653,  5.1956,  0.0000, 2.831, 2.831
  216,     656,  5.1972,  0.0000, 2.832, 2.832
  217,     659,  5.1916,  0.0056, 0.867, 0.867
  218,     662,  5.1936,  0.0056, 0.867, 0.867
  219,     665,  5.1903,  0.0056, 0.868, 0.868
  220,     668,  5.1919,  0.0056, 0.868, 0.867
  221,     671,  5.1921,  0.0056, 0.868, 0.868
  222,     674,  5.1911,  0.0056, 0.868, 0.868
  223,     677,  5.1891,  0.0056, 0.868, 0.868
  224,     680,  5.1919,  0.0056, 0.869, 0.869
  225,     683,  5.1911,  0.0056, 0.869, 0.869
  226,     686,  5.1911,  0.0056, 0.869, 0.869
  227,     689,  5.1760,  0.2292, 1.875, 1.875
  228,     692,  5.1793,  0.2140, 1.876, 1.876
  229,     695,  5.2030,  0.5832, 1.931, 1.931
  230,     698,  5.2534,  0.7653, 1.958, 1.957
  231,     701,  5.2562,  0.7682, 1.957, 1.957
  232,     704,  5.2549,  0.7436, 1.953, 1.952
  233,     707,  5.2491,  0.7554, 1.949, 1.949
  234,     710,  5.2466,  0.7623, 1.951, 1.950
  235,     713,  5.2607,  0.7643, 1.953, 1.954
  236,     716,  5.2569,  0.7401, 1.950, 1.950
  237,     719,  5.1883,  0.1066, 1.857, 1.857
  238,     722,  5.1876,  0.1229, 1.857, 1.858
  239,     725,  5.1878,  0.0965, 1.857, 1.856
  240,     728,  5.1871,  0.1130, 1.857, 1.857
  241,     731,  5.1881,  0.1176, 1.856, 1.856
  242,     734,  5.1838,  0.0947, 1.856, 1.855
  243,     737,  5.1853,  0.0940, 1.856, 1.855
  244,     740,  5.1863,  0.0435, 2.499, 2.498
  245,     743,  5.1851,  0.0433, 2.500, 2.499
  246,     746,  5.1838,  0.0435, 2.499, 2.499
  247,     749,  5.1856,  0.0433, 2.500, 2.499
  248,     752,  5.1810,  0.2145, 1.868, 1.867
  249,     755,  5.1808,  0.1357, 1.861, 1.861
  250,     758,  5.1787,  0.1525, 1.862, 1.862
  251,     761,  5.1767,  0.1730, 1.863, 1.863
  252,     764,  5.1785,  0.1044, 1.862, 1.862
  253,     767,  5.1800,  0.1056, 1.858, 1.858
  254,     770,  5.1803,  0.1056, 1.858, 1.858
  255,     773,  5.1805,  0.1055, 1.858, 1.858
  256,     776,  5.1805,  0.1055, 1.858, 1.858
  257,     779,  5.1805,  0.1056, 1.859, 1.857
  258,     782,  5.1803,  0.1053, 1.858, 1.858
  259,     785,  5.1808,  0.1053, 1.858, 1.857
  260,     788,  5.1800,  0.1053, 1.858, 1.858
  261,     791,  5.1808,  0.1055, 1.858, 1.857
  262,     794,  5.1805,  0.1050, 1.856, 1.856
  263,     797,  5.1805,  0.1048, 1.857, 1.857
  264,     800,  5.1987,  0.0000, 2.832, 2.833
  265,     803,  5.1919,  0.0056, 0.863, 0.863
  266,     806,  5.1956,  0.0056, 0.864, 0.864
  267,     809,  5.1921,  0.0056, 0.864, 0.864
  268,     812,  5.1924,  0.0056, 0.865, 0.865
  269,     815,  5.1914,  0.0056, 0.865, 0.865
  270,     818,  5.1944,  0.0056, 0.865, 0.865
  271,     821,  5.1903,  0.0056, 0.866, 0.866
  272,     824,  5.1941,  0.0056, 0.866, 0.866
  273,     827,  5.1909,  0.0056, 0.866, 0.866
  274,     830,  5.1924,  0.0056, 0.867, 0.867
  275,     833,  5.1936,  0.0056, 0.867, 0.867
  276,     836,  5.1898,  0.0056, 0.867, 0.867
  277,     839,  5.1898,  0.0056, 0.867, 0.867
  278,     842,  5.1883,  0.0056, 0.867, 0.867
  279,     845,  5.1903,  0.0056, 0.867, 0.867
  280,     848,  5.1888,  0.0056, 0.868, 0.868
  281,     851,  5.1906,  0.0056, 0.868, 0.868
  282,     854,  5.1898,  0.0056, 0.868, 0.868
  283,     857,  5.1911,  0.0056, 0.868, 0.868
  284,     860,  5.1888,  0.0056, 0.868, 0.868
  285,     863,  5.1901,  0.0056, 0.868, 0.868
  286,     866,  5.1903,  0.0056, 0.868, 0.868
  287,     869,  5.1909,  0.0056, 0.868, 0.868
  288,     872,  5.1906,  0.0056, 0.868, 0.868
  289,     875,  5.1916,  0.0056, 0.868, 0.868
  290,     878,  5.1896,  0.0056, 0.868, 0.868
  291,     881,  5.1919,  0.0056, 0.868, 0.869
  292,     884,  5.1886,  0.0056, 0.868, 0.868
  293,     887,  5.1919,  0.0056, 0.869, 0.869
  294,     890,  5.1901,  0.0056, 0.869, 0.869
  295,     893,  5.1921,  0.0056, 0.869, 0.869
  296,     896,  5.1891,  0.0056, 0.869, 0.869
  297,     899,  5.1926,  0.0056, 0.869, 0.869
  298,     902,  5.1911,  0.0056, 0.869, 0.869
  299,     905,  5.1931,  0.0056, 0.869, 0.869
  300,     908,  5.1903,  0.0056, 0.869, 0.869
  301,     911,  5.1893,  0.0056, 0.869, 0.869
  302,     914,  5.1891,  0.0056, 0.869, 0.869
  303,     917,  5.1898,  0.0056, 0.869, 0.869
  304,     920,  5.1916,  0.0056, 0.869, 0.869
  305,     923,  5.1891,  0.0056, 0.869, 0.869
  306,     926,  5.1906,  0.0056, 0.869, 0.869
  307,     929,  5.1906,  0.0056, 0.869, 0.869
  308,     932,  5.1916,  0.0056, 0.869, 0.869
  309,     935,  5.1883,  0.0056, 0.869, 0.869
  310,     938,  5.1914,  0.0056, 0.870, 0.870
  311,     941,  5.1906,  0.0056, 0.870, 0.869
  312,     944,  5.1919,  0.0056, 0.870, 0.870
  313,     947,  5.1893,  0.0056, 0.870, 0.869
  314,     950,  5.1898,  0.0056, 0.869, 0.869
  315,     953,  5.1878,  0.0056, 0.869, 0.869
  316,     956,  5.1903,  0.0056, 0.869, 0.870
  317,     959,  5.1876,  0.0056, 0.869, 0.870
  318,     962,  5.1893,  0.0056, 0.869, 0.870
  319,     965,  5.1898,  0.0056, 0.870, 0.870
  320,     968,  5.1911,  0.0056, 0.870, 0.870
  321,     971,  5.1893,  0.0056, 0.870, 0.870
  322,     974,  5.1909,  0.0056, 0.870, 0.870
  323,     977,  5.1891,  0.0056, 0.870, 0.870
  324,     980,  5.1909,  0.0056, 0.870, 0.870
  325,     983,  5.1909,  0.0056, 0.870, 0.870
  326,     986,  5.1901,  0.0056, 0.870, 0.870
  327,     989,  5.1903,  0.0056, 0.870, 0.870
  328,     992,  5.1898,  0.0056, 0.870, 0.870
  329,     995,  5.1888,  0.0056, 0.870, 0.870
  330,     998,  5.1893,  0.0056, 0.870, 0.870
  331,    1001,  5.1903,  0.0056, 0.870, 0.870
  332,    1004,  5.1878,  0.0056, 0.870, 0.870
  333,    1007,  5.1898,  0.0056, 0.870, 0.870
  334,    1010,  5.1871,  0.0056, 0.870, 0.870
  335,    1013,  5.1871,  0.0056, 0.870, 0.870
  336,    1016,  5.1883,  0.0056, 0.870, 0.870
  337,    1019,  5.1893,  0.0056, 0.870, 0.870
  338,    1022,  5.1883,  0.0056, 0.870, 0.870
  339,    1025,  5.1888,  0.0056, 0.870, 0.870
  340,    1028,  5.1863,  0.0056, 0.870, 0.870
  341,    1031,  5.1888,  0.0056, 0.870, 0.870
  342,    1034,  5.1886,  0.0056, 0.870, 0.870
  343,    1037,  5.1896,  0.0056, 0.870, 0.870
  344,    1040,  5.1876,  0.0056, 0.870, 0.870
  345,    1043,  5.1901,  0.0056, 0.870, 0.871
  346,    1046,  5.1888,  0.0056, 0.870, 0.870
  347,    1049,  5.1909,  0.0056, 0.870, 0.870
  348,    1052,  5.1861,  0.0056, 0.871, 0.870
  349,    1055,  5.1909,  0.0056, 0.871, 0.871
  350,    1058,  5.1876,  0.0056, 0.871, 0.870
  351,    1061,  5.1906,  0.0056, 0.870, 0.871
  352,    1064,  5.1873,  0.0056, 0.870, 0.871
  353,    1067,  5.1886,  0.0056, 0.871, 0.871
  354,    1070,  5.1891,  0.0056, 0.871, 0.871
  355,    1073,  5.1868,  0.0056, 0.871, 0.871
  356,    1076,  5.1856,  0.0056, 0.871, 0.871
  357,    1079,  5.1863,  0.0056, 0.871, 0.871
  358,    1082,  5.1881,  0.0056, 0.871, 0.871
  359,    1085,  5.1873,  0.0056, 0.871, 0.871
  360,    1088,  5.1886,  0.0056, 0.871, 0.871
  361,    1091,  5.1863,  0.0055, 0.871, 0.870
  362,    1094,  5.1898,  0.0056, 0.871, 0.871
  363,    1097,  5.1873,  0.0056, 0.871, 0.871
  364,    1100,  5.1858,  0.0056, 0.871, 0.871
  365,    1103,  5.1866,  0.0056, 0.871, 0.871
  366,    1106,  5.1911,  0.0056, 0.871, 0.871
  367,    1109,  5.1871,  0.0056, 0.871, 0.871
  368,    1112,  5.1881,  0.0056, 0.871, 0.871
  369,    1115,  5.1873,  0.0056, 0.871, 0.871
  370,    1118,  5.1888,  0.0056, 0.871, 0.871
  371,    1121,  5.1893,  0.0056, 0.871, 0.871
  372,    1124,  5.1891,  0.0056, 0.871, 0.871
  373,    1127,  5.1873,  0.0056, 0.871, 0.871
  374,    1130,  5.1916,  0.0056, 0.871, 0.871
  375,    1133,  5.1883,  0.0056, 0.871, 0.871
  376,    1136,  5.1896,  0.0056, 0.871, 0.871
  377,    1139,  5.1883,  0.0056, 0.871, 0.871
  378,    1142,  5.1893,  0.0056, 0.871, 0.871
  379,    1145,  5.1883,  0.0056, 0.871, 0.871
  380,    1148,  5.1856,  0.0056, 0.871, 0.871
  381,    1151,  5.1876,  0.0056, 0.871, 0.871
  382,    1154,  5.1863,  0.0056, 0.871, 0.871
  383,    1157,  5.1878,  0.0056, 0.871, 0.871
  384,    1160,  5.1873,  0.0056, 0.871, 0.871
  385,    1163,  5.1886,  0.0056, 0.871, 0.871
  386,    1166,  5.1871,  0.0056, 0.871, 0.871
  387,    1169,  5.1868,  0.0056, 0.871, 0.871
  388,    1172,  5.1871,  0.0056, 0.871, 0.871
  389,    1175,  5.1873,  0.0056, 0.871, 0.871
  390,    1178,  5.1868,  0.0056, 0.871, 0.871
  391,    1181,  5.1896,  0.0056, 0.871, 0.871
  392,    1184,  5.1871,  0.0056, 0.871, 0.871
  393,    1187,  5.1891,  0.0056, 0.871, 0.871
  394,    1190,  5.1856,  0.0056, 0.871, 0.871
  395,    1193,  5.1876,  0.0056, 0.871, 0.871
  396,    1196,  5.1871,  0.0056, 0.871, 0.871
  397,    1199,  5.1876,  0.0056, 0.871, 0.871
  398,    1202,  5.1863,  0.0056, 0.871, 0.871
  399,    1205,  5.1888,  0.0056, 0.871, 0.871
  400,    1208,  5.1886,  0.0056, 0.871, 0.871
  401,    1211,  5.1909,  0.0056, 0.871, 0.871
  402,    1214,  5.1863,  0.0056, 0.871, 0.871
  403,    1217,  5.1911,  0.0056, 0.872, 0.872
  404,    1220,  5.1886,  0.0056, 0.871, 0.872
  405,    1223,  5.1906,  0.0056, 0.872, 0.872
  406,    1226,  5.1878,  0.0056, 0.871, 0.871
  407,    1229,  5.1881,  0.0056, 0.871, 0.871
  408,    1232,  5.1901,  0.0056, 0.872, 0.872
  409,    1235,  5.1871,  0.0056, 0.872, 0.872
  410,    1238,  5.1883,  0.0056, 0.871, 0.871
  411,    1241,  5.1856,  0.0056, 0.871, 0.872
  412,    1244,  5.1888,  0.0056, 0.872, 0.872
  413,    1247,  5.1888,  0.0056, 0.872, 0.872
  414,    1250,  5.1876,  0.0056, 0.872, 0.871
  415,    1253,  5.1868,  0.0056, 0.872, 0.872
  416,    1256,  5.1906,  0.0056, 0.872, 0.872
  417,    1259,  5.1881,  0.0056, 0.872, 0.872
  418,    1262,  5.1881,  0.0056, 0.871, 0.871
  419,    1265,  5.1861,  0.0056, 0.871, 0.872
  420,    1268,  5.1893,  0.0056, 0.872, 0.872
  421,    1271,  5.1878,  0.0056, 0.872, 0.872
  422,    1274,  5.1901,  0.0056, 0.872, 0.872
  423,    1277,  5.1871,  0.0056, 0.872, 0.872
  424,    1280,  5.1893,  0.0056, 0.872, 0.872
  425,    1283,  5.1868,  0.0056, 0.871, 0.872
  426,    1286,  5.1871,  0.0056, 0.872, 0.872
  427,    1289,  5.1888,  0.0056, 0.872, 0.872
  428,    1292,  5.1914,  0.0056, 0.872, 0.872
  429,    1295,  5.1883,  0.0056, 0.872, 0.872
  430,    1298,  5.1901,  0.0056, 0.872, 0.872
  431,    1301,  5.1878,  0.0056, 0.872, 0.872
  432,    1304,  5.1878,  0.0056, 0.872, 0.872
  433,    1307,  5.1881,  0.0056, 0.872, 0.872
  434,    1310,  5.1866,  0.0056, 0.872, 0.872
  435,    1313,  5.1878,  0.0056, 0.872, 0.872
  436,    1316,  5.1858,  0.0056, 0.872, 0.872
  437,    1319,  5.1868,  0.0056, 0.872, 0.872
  438,    1322,  5.1858,  0.0056, 0.872, 0.872
  439,    1325,  5.1876,  0.0056, 0.872, 0.872
  440,    1328,  5.1861,  0.0056, 0.872, 0.872
  441,    1331,  5.1888,  0.0056, 0.872, 0.872
  442,    1334,  5.1876,  0.0056, 0.872, 0.872
  443,    1337,  5.1881,  0.0056, 0.872, 0.872
  444,    1340,  5.1878,  0.0056, 0.872, 0.872
  445,    1343,  5.1883,  0.0056, 0.872, 0.872
  446,    1346,  5.1863,  0.0056, 0.872, 0.872
  447,    1349,  5.1878,  0.0056, 0.872, 0.872
  448,    1352,  5.1873,  0.0056, 0.872, 0.872
  449,    1355,  5.1888,  0.0056, 0.872, 0.872
  450,    1358,  5.1873,  0.0056, 0.872, 0.872
  451,    1361,  5.1876,  0.0056, 0.872, 0.872
  452,    1364,  5.1835,  0.0056, 0.872, 0.872
  453,    1367,  5.1896,  0.0056, 0.872, 0.872
  454,    1370,  5.1873,  0.0056, 0.872, 0.872
  455,    1373,  5.1901,  0.0056, 0.872, 0.872
  456,    1376,  5.1871,  0.0056, 0.872, 0.872
  457,    1379,  5.1883,  0.0056, 0.872, 0.872
  458,    1382,  5.1886,  0.0056, 0.872, 0.872
  459,    1385,  5.1871,  0.0056, 0.872, 0.872
  460,    1388,  5.1858,  0.0056, 0.872, 0.872
  461,    1391,  5.1856,  0.0056, 0.872, 0.873
  462,    1394,  5.1873,  0.0056, 0.872, 0.872
  463,    1397,  5.1866,  0.0056, 0.872, 0.873
  464,    1400,  5.1868,  0.0056, 0.872, 0.872
  465,    1403,  5.1861,  0.0056, 0.872, 0.872
  466,    1406,  5.1881,  0.0056, 0.872, 0.872
  467,    1409,  5.1881,  0.0056, 0.872, 0.872
  468,    1412,  5.1856,  0.0056, 0.872, 0.872
  469,    1415,  5.1858,  0.0056, 0.873, 0.872
  470,    1418,  5.1903,  0.0056, 0.872, 0.872
  471,    1421,  5.1866,  0.0056, 0.872, 0.872
  472,    1424,  5.1886,  0.0056, 0.872, 0.872
  473,    1427,  5.1876,  0.0056, 0.872, 0.872
  474,    1430,  5.1881,  0.0056, 0.872, 0.872
  475,    1433,  5.1851,  0.0056, 0.872, 0.872
  476,    1436,  5.1866,  0.0056, 0.872, 0.872
  477,    1439,  5.1863,  0.0056, 0.872, 0.872
  478,    1442,  5.1903,  0.0056, 0.872, 0.872
  479,    1445,  5.1878,  0.0056, 0.872, 0.872
  480,    1448,  5.1893,  0.0056, 0.872, 0.872
  481,    1451,  5.1868,  0.0056, 0.873, 0.872
  482,    1454,  5.1883,  0.0056, 0.873, 0.873
  483,    1457,  5.1868,  0.0056, 0.872, 0.873
  484,    1460,  5.1851,  0.0056, 0.872, 0.873
  485,    1463,  5.1871,  0.0056, 0.873, 0.872
  486,    1466,  5.1851,  0.0056, 0.872, 0.873
  487,    1469,  5.1868,  0.0056, 0.873, 0.873
  488,    1472,  5.1866,  0.0056, 0.873, 0.873
  489,    1475,  5.1851,  0.0056, 0.872, 0.872
  490,    1478,  5.1853,  0.0056, 0.872, 0.873
  491,    1481,  5.1871,  0.0056, 0.873, 0.873
  492,    1484,  5.1856,  0.0056, 0.873, 0.872
  493,    1487,  5.1871,  0.0056, 0.872, 0.873
  494,    1490,  5.1861,  0.0056, 0.873, 0.873
  495,    1493,  5.1883,  0.0056, 0.873, 0.873
  496,    1496,  5.1868,  0.0056, 0.873, 0.873
  497,    1499,  5.1878,  0.0056, 0.873, 0.873
  498,    1502,  5.1858,  0.0056, 0.872, 0.873
  499,    1505,  5.1878,  0.0056, 0.872, 0.873
  500,    1508,  5.1853,  0.0056, 0.873, 0.873
  501,    1511,  5.1876,  0.0056, 0.873, 0.873
  502,    1514,  5.1853,  0.0056, 0.873, 0.873
  503,    1517,  5.1881,  0.0056, 0.873, 0.873
  504,    1520,  5.1868,  0.0056, 0.873, 0.873
  505,    1523,  5.1888,  0.0056, 0.873, 0.873
  506,    1526,  5.1866,  0.0056, 0.873, 0.873
  507,    1529,  5.1881,  0.0056, 0.873, 0.873
  508,    1532,  5.1868,  0.0056, 0.873, 0.873
  509,    1535,  5.1876,  0.0056, 0.873, 0.873
  510,    1538,  5.1866,  0.0056, 0.873, 0.873
  511,    1541,  5.1873,  0.0056, 0.873, 0.873
  512,    1544,  5.1866,  0.0056, 0.873, 0.873
  513,    1547,  5.1866,  0.0056, 0.873, 0.873
  514,    1550,  5.1861,  0.0056, 0.873, 0.873
  515,    1553,  5.1856,  0.0056, 0.873, 0.873
  516,    1556,  5.1871,  0.0056, 0.873, 0.873
  517,    1559,  5.1863,  0.0056, 0.873, 0.873
  518,    1562,  5.1861,  0.0056, 0.873, 0.873
  519,    1565,  5.1858,  0.0056, 0.873, 0.872
  520,    1568,  5.1891,  0.0056, 0.873, 0.873
  521,    1571,  5.1868,  0.0056, 0.873, 0.873
  522,    1574,  5.1873,  0.0056, 0.873, 0.873
  523,    1577,  5.1845,  0.0056, 0.872, 0.873
  524,    1580,  5.1883,  0.0056, 0.873, 0.873
  525,    1583,  5.1848,  0.0056, 0.873, 0.873
  526,    1586,  5.1866,  0.0056, 0.873, 0.873
  527,    1589,  5.1861,  0.0056, 0.873, 0.873
  528,    1592,  5.1878,  0.0056, 0.873, 0.873
  529,    1595,  5.1856,  0.0056, 0.873, 0.873
  530,    1598,  5.1881,  0.0056, 0.873, 0.873
  531,    1601,  5.1858,  0.0056, 0.873, 0.873
  532,    1604,  5.1886,  0.0056, 0.873, 0.873
  533,    1607,  5.1861,  0.0056, 0.873, 0.873
  534,    1610,  5.1871,  0.0056, 0.873, 0.873
  535,    1613,  5.1853,  0.0056, 0.873, 0.873
  536,    1616,  5.1871,  0.0056, 0.873, 0.873
  537,    1619,  5.1858,  0.0056, 0.873, 0.873
  538,    1622,  5.1853,  0.0056, 0.873, 0.873
  539,    1625,  5.1861,  0.0056, 0.873, 0.873
  540,    1628,  5.1853,  0.0056, 0.873, 0.873
  541,    1631,  5.1863,  0.0056, 0.873, 0.873
  542,    1634,  5.1853,  0.0056, 0.873, 0.873
  543,    1637,  5.1866,  0.0056, 0.873, 0.873
  544,    1640,  5.1858,  0.0056, 0.873, 0.873
  545,    1643,  5.1873,  0.0056, 0.873, 0.873
  546,    1646,  5.1866,  0.0056, 0.873, 0.873
  547,    1649,  5.1873,  0.0056, 0.873, 0.873
  548,    1652,  5.1843,  0.0056, 0.873, 0.873
  549,    1655,  5.1876,  0.0056, 0.873, 0.873
  550,    1658,  5.1853,  0.0056, 0.873, 0.873
  551,    1661,  5.1868,  0.0056, 0.873, 0.873
  552,    1664,  5.1863,  0.0056, 0.873, 0.873
  553,    1667,  5.1876,  0.0056, 0.873, 0.873
  554,    1670,  5.1873,  0.0056, 0.873, 0.873
  555,    1673,  5.1891,  0.0056, 0.873, 0.874
  556,    1676,  5.1845,  0.0056, 0.873, 0.873
  557,    1679,  5.1888,  0.0056, 0.873, 0.873
  558,    1682,  5.1866,  0.0056, 0.873, 0.873
  559,    1685,  5.1883,  0.0056, 0.873, 0.873
  560,    1688,  5.1861,  0.0056, 0.873, 0.873
  561,    1691,  5.1861,  0.0056, 0.873, 0.873
  562,    1694,  5.1863,  0.0056, 0.873, 0.873
  563,    1697,  5.1853,  0.0056, 0.873, 0.873
  564,    1700,  5.1845,  0.0056, 0.873, 0.873
  565,    1703,  5.1851,  0.0056, 0.873, 0.873
  566,    1706,  5.1866,  0.0056, 0.873, 0.873
  567,    1709,  5.1863,  0.0056, 0.873, 0.873
  568,    1712,  5.1861,  0.0056, 0.873, 0.873
  569,    1715,  5.1845,  0.0056, 0.874, 0.873
  570,    1718,  5.1898,  0.0056, 0.873, 0.874
  571,    1721,  5.1858,  0.0056, 0.873, 0.873
  572,    1724,  5.1848,  0.0056, 0.873, 0.873
  573,    1727,  5.1863,  0.0056, 0.874, 0.873
  574,    1730,  5.1873,  0.0056, 0.873, 0.873
  575,    1733,  5.1861,  0.0056, 0.873, 0.873
  576,    1736,  5.1888,  0.0056, 0.873, 0.874
  577,    1739,  5.1863,  0.0056, 0.873, 0.873
  578,    1742,  5.1871,  0.0056, 0.873, 0.873
  579,    1745,  5.1873,  0.0056, 0.873, 0.874
  580,    1748,  5.1873,  0.0056, 0.874, 0.874
  581,    1751,  5.1861,  0.0056, 0.873, 0.873
  582,    1754,  5.1901,  0.0056, 0.873, 0.873
  583,    1757,  5.1906,  0.0056, 0.874, 0.874
  584,    1760,  5.1906,  0.0056, 0.873, 0.874
  585,    1763,  5.1876,  0.0056, 0.873, 0.873
  586,    1766,  5.1888,  0.0056, 0.874, 0.874
  587,    1769,  5.1886,  0.0056, 0.873, 0.873
  588,    1772,  5.1876,  0.0056, 0.873, 0.873
  589,    1775,  5.1891,  0.0056, 0.873, 0.874
  590,    1778,  5.1881,  0.0056, 0.874, 0.874
  591,    1781,  5.1896,  0.0056, 0.874, 0.874
  592,    1784,  5.1893,  0.0056, 0.874, 0.874
  593,    1787,  5.1886,  0.0056, 0.874, 0.873
  594,    1790,  5.1906,  0.0056, 0.874, 0.874
  595,    1793,  5.1903,  0.0056, 0.874, 0.874
  596,    1796,  5.1891,  0.0056, 0.874, 0.874
  597,    1799,  5.1903,  0.0056, 0.874, 0.874
  598,    1802,  5.1891,  0.0056, 0.873, 0.873
  599,    1805,  5.1903,  0.0056, 0.874, 0.874
  600,    1808,  5.1893,  0.0056, 0.874, 0.874
  601,    1811,  5.1906,  0.0056, 0.874, 0.874
  602,    1814,  5.1883,  0.0056, 0.873, 0.874
  603,    1817,  5.1901,  0.0056, 0.874, 0.874
  604,    1820,  5.1873,  0.0056, 0.874, 0.874
  605,    1823,  5.1921,  0.0056, 0.874, 0.874
  606,    1826,  5.1909,  0.0056, 0.874, 0.874
  607,    1829,  5.1906,  0.0056, 0.874, 0.874
  608,    1832,  5.1891,  0.0056, 0.874, 0.874
  609,    1835,  5.1924,  0.0056, 0.874, 0.874
  610,    1838,  5.1883,  0.0056, 0.874, 0.874
  611,    1841,  5.1893,  0.0056, 0.874, 0.874
  612,    1844,  5.1876,  0.0056, 0.874, 0.874
  613,    1847,  5.1883,  0.0056, 0.873, 0.874
  614,    1850,  5.1893,  0.0056, 0.874, 0.874
  615,    1853,  5.1878,  0.0056, 0.874, 0.874
  616,    1856,  5.1883,  0.0056, 0.874, 0.874
  617,    1859,  5.1868,  0.0056, 0.874, 0.874
  618,    1862,  5.1898,  0.0056, 0.874, 0.874
  619,    1865,  5.1876,  0.0056, 0.874, 0.874
  620,    1868,  5.1881,  0.0056, 0.874, 0.874
  621,    1871,  5.1893,  0.0056, 0.874, 0.874
  622,    1874,  5.1903,  0.0056, 0.874, 0.874
  623,    1877,  5.1868,  0.0056, 0.874, 0.874
  624,    1880,  5.1896,  0.0056, 0.874, 0.874
  625,    1883,  5.1901,  0.0056, 0.874, 0.874
  626,    1886,  5.1914,  0.0056, 0.874, 0.874
  627,    1889,  5.1863,  0.0056, 0.874, 0.874
  628,    1892,  5.1906,  0.0056, 0.874, 0.874
  629,    1895,  5.1883,  0.0056, 0.874, 0.874
  630,    1898,  5.1909,  0.0056, 0.874, 0.874
  631,    1901,  5.1883,  0.0056, 0.874, 0.874
  632,    1904,  5.1891,  0.0056, 0.874, 0.874
  633,    1907,  5.1896,  0.0056, 0.874, 0.874
  634,    1910,  5.1916,  0.0056, 0.874, 0.874
  635,    1913,  5.1893,  0.0056, 0.874, 0.874
  636,    1916,  5.1898,  0.0056, 0.874, 0.874
  637,    1919,  5.1914,  0.0056, 0.874, 0.874
  638,    1922,  5.1903,  0.0056, 0.874, 0.874
  639,    1925,  5.1898,  0.0056, 0.874, 0.874
  640,    1928,  5.1881,  0.0056, 0.874, 0.874
  641,    1931,  5.1888,  0.0056, 0.874, 0.874
  642,    1934,  5.1878,  0.0056, 0.874, 0.874
  643,    1937,  5.1881,  0.0056, 0.874, 0.874
  644,    1940,  5.1886,  0.0056, 0.874, 0.874
  645,    1943,  5.1878,  0.0056, 0.874, 0.874
  646,    1946,  5.1863,  0.0056, 0.874, 0.874
  647,    1949,  5.1883,  0.0056, 0.874, 0.874
  648,    1952,  5.1886,  0.0056, 0.874, 0.874
  649,    1955,  5.1898,  0.0056, 0.874, 0.874
  650,    1958,  5.1881,  0.0056, 0.874, 0.874
  651,    1961,  5.1878,  0.0056, 0.874, 0.874
  652,    1964,  5.1886,  0.0056, 0.874, 0.874
  653,    1967,  5.1871,  0.0056, 0.874, 0.874
  654,    1970,  5.1878,  0.0056, 0.874, 0.874
  655,    1973,  5.1881,  0.0056, 0.874, 0.874
  656,    1976,  5.1886,  0.0056, 0.874, 0.874
  657,    1979,  5.1896,  0.0056, 0.874, 0.874
  658,    1982,  5.1861,  0.0056, 0.874, 0.874
  659,    1985,  5.1901,  0.0056, 0.874, 0.874
  660,    1988,  5.1896,  0.0056, 0.874, 0.874
  661,    1991,  5.1896,  0.0056, 0.874, 0.874
  662,    1994,  5.1881,  0.0056, 0.874, 0.874
  663,    1997,  5.1909,  0.0056, 0.874, 0.874
  664,    2000,  5.1886,  0.0056, 0.874, 0.874
  665,    2003,  5.1881,  0.0056, 0.874, 0.874
  666,    2006,  5.1881,  0.0056, 0.874, 0.874
  667,    2009,  5.1883,  0.0056, 0.874, 0.874
  668,    2012,  5.1883,  0.0056, 0.874, 0.874
  669,    2015,  5.1863,  0.0056, 0.874, 0.874
  670,    2018,  5.1878,  0.0056, 0.874, 0.874
  671,    2021,  5.1868,  0.0056, 0.874, 0.874
  672,    2024,  5.1886,  0.0056, 0.874, 0.874
  673,    2027,  5.1868,  0.0056, 0.874, 0.874
  674,    2030,  5.1898,  0.0056, 0.874, 0.874
  675,    2033,  5.1881,  0.0056, 0.874, 0.874
  676,    2036,  5.1901,  0.0056, 0.874, 0.874
  677,    2039,  5.1891,  0.0056, 0.874, 0.874
  678,    2042,  5.1909,  0.0056, 0.874, 0.874
  679,    2045,  5.1866,  0.0056, 0.874, 0.874
  680,    2048,  5.1888,  0.0056, 0.874, 0.874
  681,    2051,  5.1876,  0.0056, 0.874, 0.874
  682,    2054,  5.1891,  0.0056, 0.874, 0.874
  683,    2057,  5.1863,  0.0056, 0.874, 0.874
  684,    2060,  5.1868,  0.0056, 0.874, 0.874
  685,    2063,  5.1881,  0.0056, 0.874, 0.874
  686,    2066,  5.1919,  0.0056, 0.874, 0.874
  687,    2069,  5.1886,  0.0056, 0.874, 0.874
  688,    2072,  5.1893,  0.0056, 0.874, 0.874
  689,    2075,  5.1868,  0.0056, 0.874, 0.874
  690,    2078,  5.1893,  0.0056, 0.874, 0.874
  691,    2081,  5.1876,  0.0056, 0.874, 0.874
  692,    2084,  5.1866,  0.0056, 0.874, 0.874
  693,    2087,  5.1883,  0.0056, 0.874, 0.874
  694,    2090,  5.1866,  0.0056, 0.874, 0.874
  695,    2093,  5.1881,  0.0056, 0.874, 0.874
  696,    2096,  5.1876,  0.0056, 0.874, 0.874
  697,    2099,  5.1878,  0.0056, 0.874, 0.874
  698,    2102,  5.1876,  0.0056, 0.874, 0.874
  699,    2105,  5.1886,  0.0056, 0.874, 0.874
  700,    2108,  5.1863,  0.0056, 0.874, 0.874
  701,    2111,  5.1883,  0.0056, 0.874, 0.874
  702,    2114,  5.1888,  0.0056, 0.874, 0.874
  703,    2117,  5.1878,  0.0056, 0.874, 0.874
  704,    2120,  5.1881,  0.0056, 0.874, 0.874
  705,    2123,  5.1881,  0.0056, 0.874, 0.874
  706,    2126,  5.1883,  0.0056, 0.874, 0.874
  707,    2129,  5.1876,  0.0056, 0.874, 0.874
  708,    2132,  5.1858,  0.0056, 0.874, 0.874
  709,    2135,  5.1896,  0.0056, 0.874, 0.874
  710,    2138,  5.1873,  0.0056, 0.874, 0.874
  711,    2141,  5.1883,  0.0056, 0.874, 0.874
  712,    2144,  5.1873,  0.0056, 0.874, 0.874
  713,    2147,  5.1903,  0.0056, 0.874, 0.874
  714,    2150,  5.1873,  0.0056, 0.874, 0.874
  715,    2153,  5.1881,  0.0056, 0.874, 0.874
  716,    2156,  5.1866,  0.0056, 0.874, 0.874
  717,    2159,  5.1888,  0.0056, 0.874, 0.874
  718,    2162,  5.1878,  0.0056, 0.874, 0.874
  719,    2165,  5.1881,  0.0056, 0.874, 0.875
  720,    2168,  5.1878,  0.0056, 0.874, 0.874
  721,    2171,  5.1873,  0.0056, 0.875, 0.874
  722,    2174,  5.1893,  0.0056, 0.874, 0.874
  723,    2177,  5.1881,  0.0056, 0.874, 0.875
  724,    2180,  5.1876,  0.0056, 0.874, 0.874
  725,    2183,  5.1883,  0.0056, 0.874, 0.874
  726,    2186,  5.1896,  0.0056, 0.874, 0.875
  727,    2189,  5.1878,  0.0056, 0.875, 0.874
  728,    2192,  5.1898,  0.0056, 0.874, 0.874
  729,    2195,  5.1878,  0.0056, 0.874, 0.874
  730,    2198,  5.1901,  0.0056, 0.875, 0.874
  731,    2201,  5.1871,  0.0056, 0.874, 0.874
  732,    2204,  5.1886,  0.0056, 0.875, 0.875
  733,    2207,  5.1873,  0.0056, 0.874, 0.874
  734,    2210,  5.1896,  0.0056, 0.874, 0.874
  735,    2213,  5.1873,  0.0056, 0.874, 0.874
  736,    2216,  5.1886,  0.0056, 0.875, 0.875
  737,    2219,  5.1881,  0.0056, 0.875, 0.875
  738,    2222,  5.1896,  0.0056, 0.875, 0.875
  739,    2225,  5.1891,  0.0056, 0.874, 0.874
  740,    2228,  5.1901,  0.0056, 0.875, 0.875
  741,    2231,  5.1893,  0.0056, 0.875, 0.875
  742,    2234,  5.1888,  0.0056, 0.875, 0.875
  743,    2237,  5.1886,  0.0056, 0.875, 0.875
  744,    2240,  5.1873,  0.0056, 0.875, 0.875
  745,    2243,  5.1898,  0.0056, 0.875, 0.875
  746,    2246,  5.1881,  0.0056, 0.875, 0.875
  747,    2249,  5.1868,  0.0056, 0.875, 0.874
  748,    2252,  5.1878,  0.0056, 0.875, 0.875
  749,    2255,  5.1891,  0.0056, 0.875, 0.875
  750,    2258,  5.1873,  0.0056, 0.874, 0.874
  751,    2261,  5.1876,  0.0056, 0.874, 0.874
  752,    2264,  5.1883,  0.0056, 0.875, 0.875
  753,    2267,  5.1888,  0.0056, 0.875, 0.875
  754,    2270,  5.1891,  0.0056, 0.875, 0.875
  755,    2273,  5.1898,  0.0056, 0.875, 0.875
  756,    2276,  5.1881,  0.0056, 0.874, 0.874
  757,    2279,  5.1878,  0.0056, 0.875, 0.875
  758,    2282,  5.1858,  0.0056, 0.874, 0.874
  759,    2285,  5.1888,  0.0056, 0.875, 0.875
  760,    2288,  5.1866,  0.0056, 0.874, 0.874
  761,    2291,  5.1866,  0.0056, 0.874, 0.874
  762,    2294,  5.1873,  0.0056, 0.874, 0.875
  763,    2297,  5.1906,  0.0056, 0.875, 0.875
  764,    2300,  5.1878,  0.0056, 0.875, 0.875
  765,    2303,  5.1914,  0.0056, 0.875, 0.875
  766,    2306,  5.1886,  0.0056, 0.874, 0.875
  767,    2309,  5.1903,  0.0056, 0.875, 0.875
  768,    2312,  5.1871,  0.0056, 0.875, 0.875
  769,    2315,  5.1883,  0.0056, 0.875, 0.875
  770,    2318,  5.1878,  0.0056, 0.874, 0.875
  771,    2321,  5.1876,  0.0056, 0.875, 0.875
  772,    2324,  5.1883,  0.0056, 0.875, 0.875
  773,    2327,  5.1881,  0.0056, 0.875, 0.875
  774,    2330,  5.1886,  0.0056, 0.875, 0.875
  775,    2333,  5.1868,  0.0056, 0.875, 0.875
  776,    2336,  5.1878,  0.0056, 0.875, 0.875
  777,    2339,  5.1868,  0.0056, 0.875, 0.875
  778,    2342,  5.1883,  0.0056, 0.875, 0.875
  779,    2345,  5.1868,  0.0056, 0.875, 0.875
  780,    2348,  5.1863,  0.0056, 0.875, 0.875
  781,    2351,  5.1886,  0.0056, 0.875, 0.875
  782,    2354,  5.1891,  0.0056, 0.875, 0.875
  783,    2357,  5.1883,  0.0056, 0.875, 0.875
  784,    2360,  5.1888,  0.0056, 0.875, 0.875
  785,    2363,  5.1868,  0.0056, 0.875, 0.875
  786,    2366,  5.1893,  0.0056, 0.875, 0.875
  787,    2369,  5.1881,  0.0056, 0.875, 0.875
  788,    2372,  5.1883,  0.0056, 0.875, 0.875
  789,    2375,  5.1886,  0.0056, 0.875, 0.875
  790,    2378,  5.1898,  0.0056, 0.875, 0.875
  791,    2381,  5.1883,  0.0056, 0.875, 0.875
  792,    2384,  5.1909,  0.0056, 0.875, 0.875
  793,    2387,  5.1876,  0.0056, 0.875, 0.875
  794,    2390,  5.1903,  0.0056, 0.875, 0.875
  795,    2393,  5.1871,  0.0056, 0.875, 0.875
  796,    2396,  5.1881,  0.0056, 0.875, 0.875
  797,    2399,  5.1883,  0.0056, 0.875, 0.875
  798,    2402,  5.1871,  0.0056, 0.875, 0.875
  799,    2405,  5.1876,  0.0056, 0.875, 0.875
  800,    2408,  5.1891,  0.0056, 0.875, 0.875
  801,    2411,  5.1898,  0.0056, 0.875, 0.875
  802,    2414,  5.1861,  0.0056, 0.875, 0.875
  803,    2417,  5.1888,  0.0056, 0.875, 0.875
  804,    2420,  5.1883,  0.0056, 0.875, 0.875
  805,    2423,  5.1901,  0.0056, 0.875, 0.875
  806,    2426,  5.1876,  0.0056, 0.875, 0.875
  807,    2429,  5.1888,  0.0056, 0.875, 0.875
  808,    2432,  5.1871,  0.0056, 0.875, 0.875
  809,    2435,  5.1891,  0.0056, 0.875, 0.875
  810,    2438,  5.1881,  0.0056, 0.875, 0.875
  811,    2441,  5.1881,  0.0056, 0.875, 0.875
  812,    2444,  5.1878,  0.0056, 0.875, 0.875
  813,    2447,  5.1903,  0.0056, 0.875, 0.875
  814,    2450,  5.1891,  0.0056, 0.875, 0.875
  815,    2453,  5.1891,  0.0056, 0.875, 0.875
  816,    2456,  5.1891,  0.0056, 0.875, 0.875
  817,    2459,  5.1901,  0.0056, 0.875, 0.875
  818,    2462,  5.1898,  0.0056, 0.875, 0.875
  819,    2465,  5.1888,  0.0056, 0.875, 0.875
  820,    2468,  5.1871,  0.0056, 0.875, 0.875
  821,    2471,  5.1893,  0.0056, 0.875, 0.875
  822,    2474,  5.1881,  0.0056, 0.875, 0.875
  823,    2477,  5.1871,  0.0056, 0.875, 0.875
  824,    2480,  5.1883,  0.0056, 0.875, 0.875
  825,    2483,  5.1888,  0.0056, 0.875, 0.875
  826,    2486,  5.1898,  0.0056, 0.875, 0.875
  827,    2489,  5.1886,  0.0056, 0.875, 0.875
  828,    2492,  5.1888,  0.0056, 0.875, 0.875
  829,    2495,  5.1876,  0.0056, 0.875, 0.875
  830,    2498,  5.1883,  0.0056, 0.875, 0.875
  831,    2501,  5.1883,  0.0056, 0.875, 0.875
  832,    2504,  5.1896,  0.0056, 0.875, 0.875
  833,    2507,  5.1878,  0.0056, 0.875, 0.875
  834,    2510,  5.1893,  0.0056, 0.875, 0.875
  835,    2513,  5.1866,  0.0056, 0.875, 0.875
  836,    2516,  5.1893,  0.0056, 0.875, 0.875
  837,    2519,  5.1891,  0.0056, 0.875, 0.875
  838,    2522,  5.1896,  0.0056, 0.875, 0.875
  839,    2525,  5.1861,  0.0056, 0.875, 0.875
  840,    2528,  5.1878,  0.0056, 0.875, 0.875
  841,    2531,  5.1881,  0.0056, 0.875, 0.875
  842,    2534,  5.1891,  0.0056, 0.875, 0.875
  843,    2537,  5.1878,  0.0056, 0.875, 0.875
  844,    2540,  5.1896,  0.0056, 0.875, 0.875
  845,    2543,  5.1878,  0.0056, 0.875, 0.875
  846,    2546,  5.1891,  0.0056, 0.875, 0.875
  847,    2549,  5.1876,  0.0056, 0.875, 0.875
  848,    2552,  5.1863,  0.0056, 0.875, 0.875
  849,    2555,  5.1868,  0.0056, 0.875, 0.875
  850,    2558,  5.1873,  0.0056, 0.875, 0.875
  851,    2561,  5.1888,  0.0056, 0.875, 0.875
  852,    2564,  5.1876,  0.0056, 0.875, 0.875
  853,    2567,  5.1888,  0.0056, 0.875, 0.875
  854,    2570,  5.1878,  0.0056, 0.875, 0.875
  855,    2573,  5.1881,  0.0056, 0.875, 0.875
  856,    2576,  5.1883,  0.0056, 0.875, 0.875
  857,    2579,  5.1876,  0.0056, 0.875, 0.875
  858,    2582,  5.1883,  0.0056, 0.875, 0.875
  859,    2585,  5.1893,  0.0056, 0.875, 0.875
  860,    2588,  5.1871,  0.0056, 0.875, 0.875
  861,    2591,  5.1898,  0.0056, 0.875, 0.875
  862,    2594,  5.1886,  0.0056, 0.875, 0.875
  863,    2597,  5.1893,  0.0056, 0.875, 0.875
  864,    2600,  5.1886,  0.0056, 0.875, 0.875
  865,    2603,  5.1866,  0.0056, 0.875, 0.875
  866,    2606,  5.1871,  0.0056, 0.875, 0.875
  867,    2609,  5.1881,  0.0056, 0.875, 0.875
  868,    2612,  5.1878,  0.0056, 0.875, 0.875
  869,    2615,  5.1916,  0.0056, 0.875, 0.875
  870,    2618,  5.1881,  0.0056, 0.875, 0.875
  871,    2621,  5.1903,  0.0056, 0.875, 0.876
  872,    2624,  5.1886,  0.0056, 0.875, 0.875
  873,    2627,  5.1871,  0.0056, 0.875, 0.875
  874,    2630,  5.1886,  0.0056, 0.875, 0.875
  875,    2633,  5.1881,  0.0056, 0.875, 0.875
  876,    2636,  5.1871,  0.0056, 0.875, 0.875
  877,    2639,  5.1866,  0.0056, 0.875, 0.876
  878,    2642,  5.1873,  0.0056, 0.875, 0.875
  879,    2645,  5.1891,  0.0056, 0.875, 0.875
  880,    2648,  5.1881,  0.0056, 0.875, 0.875
  881,    2651,  5.1868,  0.0056, 0.876, 0.875
  882,    2654,  5.1871,  0.0056, 0.875, 0.875
  883,    2657,  5.1883,  0.0056, 0.875, 0.875
  884,    2660,  5.1881,  0.0056, 0.875, 0.875
  885,    2663,  5.1881,  0.0056, 0.875, 0.875
  886,    2666,  5.1876,  0.0056, 0.875, 0.875
  887,    2669,  5.1883,  0.0056, 0.875, 0.875
  888,    2672,  5.1888,  0.0056, 0.875, 0.875
  889,    2675,  5.1858,  0.0056, 0.875, 0.875
  890,    2678,  5.1886,  0.0056, 0.875, 0.875
  891,    2681,  5.1888,  0.0056, 0.875, 0.875
  892,    2684,  5.1888,  0.0056, 0.875, 0.875
  893,    2687,  5.1906,  0.0056, 0.876, 0.875
  894,    2690,  5.1893,  0.0056, 0.875, 0.875
  895,    2693,  5.1876,  0.0056, 0.875, 0.875
  896,    2696,  5.1906,  0.0056, 0.875, 0.875
  897,    2699,  5.1886,  0.0056, 0.875, 0.876
  898,    2702,  5.1901,  0.0056, 0.875, 0.875
  899,    2705,  5.1888,  0.0056, 0.875, 0.875
  900,    2708,  5.1886,  0.0056, 0.875, 0.875
  901,    2711,  5.1896,  0.0056, 0.876, 0.876
  902,    2714,  5.1873,  0.0056, 0.875, 0.876
  903,    2717,  5.1896,  0.0056, 0.875, 0.876
  904,    2720,  5.1906,  0.0056, 0.876, 0.876
  905,    2723,  5.1873,  0.0056, 0.875, 0.875
  906,    2726,  5.1866,  0.0056, 0.876, 0.875
  907,    2729,  5.1878,  0.0056, 0.875, 0.875
  908,    2732,  5.1876,  0.0056, 0.876, 0.875
  909,    2735,  5.1909,  0.0056, 0.876, 0.876
  910,    2738,  5.1896,  0.0056, 0.876, 0.876
  911,    2741,  5.1901,  0.0056, 0.876, 0.876
  912,    2744,  5.1873,  0.0056, 0.875, 0.875
  913,    2747,  5.1901,  0.0056, 0.876, 0.876
  914,    2750,  5.1871,  0.0056, 0.875, 0.875
  915,    2753,  5.1886,  0.0056, 0.876, 0.876
  916,    2756,  5.1878,  0.0056, 0.875, 0.875
  917,    2759,  5.1906,  0.0056, 0.876, 0.876
  918,    2762,  5.1891,  0.0056, 0.876, 0.876
  919,    2765,  5.1881,  0.0056, 0.876, 0.876
  920,    2768,  5.1898,  0.0056, 0.876, 0.876
  921,    2771,  5.1916,  0.0056, 0.876, 0.876
  922,    2774,  5.1896,  0.0056, 0.876, 0.876
  923,    2777,  5.1903,  0.0056, 0.875, 0.876
  924,    2780,  5.1873,  0.0056, 0.876, 0.875
  925,    2783,  5.1896,  0.0056, 0.875, 0.875
  926,    2786,  5.1873,  0.0056, 0.875, 0.875
  927,    2789,  5.1876,  0.0056, 0.875, 0.875
  928,    2792,  5.1876,  0.0056, 0.875, 0.875
  929,    2795,  5.1873,  0.0056, 0.875, 0.875
  930,    2798,  5.1883,  0.0056, 0.875, 0.876
  931,    2801,  5.1871,  0.0056, 0.875, 0.876
  932,    2804,  5.1873,  0.0056, 0.876, 0.876
  933,    2807,  5.1883,  0.0056, 0.876, 0.875
  934,    2810,  5.1896,  0.0056, 0.876, 0.876
  935,    2813,  5.1868,  0.0056, 0.876, 0.875
  936,    2816,  5.1901,  0.0056, 0.876, 0.876
  937,    2819,  5.1866,  0.0056, 0.875, 0.875
  938,    2822,  5.1896,  0.0056, 0.875, 0.876
  939,    2825,  5.1891,  0.0056, 0.875, 0.876
  940,    2828,  5.1886,  0.0056, 0.875, 0.875
  941,    2831,  5.1881,  0.0056, 0.875, 0.876
  942,    2834,  5.1901,  0.0056, 0.876, 0.876
  943,    2837,  5.1881,  0.0056, 0.875, 0.875
  944,    2840,  5.1906,  0.0056, 0.875, 0.876
  945,    2843,  5.1883,  0.0056, 0.875, 0.875
  946,    2846,  5.1901,  0.0056, 0.876, 0.876
  947,    2849,  5.1893,  0.0056, 0.875, 0.876
  948,    2852,  5.1906,  0.0056, 0.876, 0.876
  949,    2855,  5.1878,  0.0056, 0.875, 0.876
  950,    2858,  5.1898,  0.0056, 0.876, 0.875
  951,    2861,  5.1903,  0.0056, 0.876, 0.876
  952,    2864,  5.1871,  0.0056, 0.875, 0.875
  953,    2867,  5.1886,  0.0056, 0.875, 0.876
  954,    2870,  5.1893,  0.0056, 0.876, 0.876
  955,    2873,  5.1883,  0.0056, 0.875, 0.875
  956,    2876,  5.1891,  0.0056, 0.876, 0.876
  957,    2879,  5.1881,  0.0056, 0.876, 0.876
  958,    2882,  5.1873,  0.0056, 0.876, 0.876
  959,    2885,  5.1878,  0.0056, 0.876, 0.876
  960,    2888,  5.1868,  0.0056, 0.876, 0.875
  961,    2891,  5.1896,  0.0056, 0.876, 0.876
  962,    2894,  5.1881,  0.0056, 0.876, 0.875
  963,    2897,  5.1888,  0.0056, 0.876, 0.876
  964,    2900,  5.1886,  0.0056, 0.875, 0.875
  965,    2903,  5.1891,  0.0056, 0.876, 0.875
  966,    2906,  5.1886,  0.0056, 0.876, 0.876
  967,    2909,  5.1898,  0.0056, 0.876, 0.876
  968,    2912,  5.1863,  0.0056, 0.875, 0.875
  969,    2915,  5.1891,  0.0056, 0.876, 0.875
  970,    2918,  5.1876,  0.0056, 0.876, 0.876
  971,    2921,  5.1903,  0.0056, 0.875, 0.876
  972,    2924,  5.1883,  0.0056, 0.875, 0.876
  973,    2927,  5.1896,  0.0056, 0.876, 0.876
  974,    2930,  5.1886,  0.0056, 0.876, 0.876
  975,    2933,  5.1896,  0.0056, 0.876, 0.876
  976,    2936,  5.1888,  0.0056, 0.876, 0.876
  977,    2939,  5.1886,  0.0056, 0.876, 0.876
  978,    2942,  5.1886,  0.0056, 0.876, 0.876
  979,    2945,  5.1868,  0.0056, 0.875, 0.876
  980,    2948,  5.1868,  0.0056, 0.875, 0.876
  981,    2951,  5.1861,  0.0056, 0.876, 0.876
  982,    2954,  5.1873,  0.0056, 0.876, 0.876
  983,    2957,  5.1863,  0.0056, 0.876, 0.876
  984,    2960,  5.1888,  0.0056, 0.876, 0.876
  985,    2963,  5.1861,  0.0056, 0.876, 0.875
  986,    2966,  5.1878,  0.0056, 0.876, 0.876
  987,    2969,  5.1873,  0.0056, 0.876, 0.876
  988,    2972,  5.1888,  0.0056, 0.876, 0.876
  989,    2975,  5.1863,  0.0056, 0.876, 0.876
  990,    2978,  5.1903,  0.0056, 0.876, 0.876
  991,    2981,  5.1881,  0.0056, 0.876, 0.875
  992,    2984,  5.1891,  0.0056, 0.876, 0.876
  993,    2987,  5.1853,  0.0056, 0.875, 0.875
  994,    2990,  5.1891,  0.0056, 0.875, 0.876
  995,    2993,  5.1873,  0.0056, 0.876, 0.876
  996,    2996,  5.1878,  0.0056, 0.876, 0.875
  997,    2999,  5.1871,  0.0056, 0.876, 0.876
  998,    3002,  5.1896,  0.0056, 0.876, 0.876
  999,    3005,  5.1886,  0.0056, 0.876, 0.876
 1000,    3008,  5.1901,  0.0056, 0.876, 0.876
 1001,    3011,  5.1881,  0.0056, 0.876, 0.876
 1002,    3014,  5.1898,  0.0056, 0.876, 0.876
 1003,    3017,  5.1883,  0.0056, 0.875, 0.876
 1004,    3020,  5.1873,  0.0056, 0.876, 0.876
 1005,    3023,  5.1883,  0.0056, 0.876, 0.876
 1006,    3026,  5.1878,  0.0056, 0.876, 0.876
 1007,    3029,  5.1873,  0.0056, 0.876, 0.876
 1008,    3032,  5.1866,  0.0056, 0.876, 0.876
 1009,    3035,  5.1878,  0.0056, 0.876, 0.875
 1010,    3038,  5.1891,  0.0056, 0.876, 0.876
 1011,    3041,  5.1866,  0.0056, 0.876, 0.876
 1012,    3044,  5.1876,  0.0056, 0.876, 0.876
 1013,    3047,  5.1886,  0.0056, 0.876, 0.876
 1014,    3050,  5.1878,  0.0056, 0.876, 0.876
 1015,    3053,  5.1893,  0.0056, 0.876, 0.876
 1016,    3056,  5.1881,  0.0056, 0.876, 0.876
 1017,    3059,  5.1881,  0.0056, 0.876, 0.876
 1018,    3062,  5.1881,  0.0056, 0.876, 0.876
 1019,    3065,  5.1878,  0.0056, 0.876, 0.876
 1020,    3068,  5.1871,  0.0056, 0.876, 0.876
 1021,    3071,  5.1896,  0.0056, 0.876, 0.876
 1022,    3074,  5.1873,  0.0056, 0.876, 0.876
 1023,    3077,  5.1878,  0.0056, 0.876, 0.876
 1024,    3080,  5.1873,  0.0056, 0.876, 0.876
 1025,    3083,  5.1898,  0.0056, 0.876, 0.876
 1026,    3086,  5.1886,  0.0056, 0.876, 0.876
 1027,    3089,  5.1886,  0.0056, 0.876, 0.876
 1028,    3092,  5.1856,  0.0056, 0.876, 0.876
 1029,    3095,  5.1888,  0.0056, 0.876, 0.876
 1030,    3098,  5.1881,  0.0056, 0.876, 0.876
 1031,    3101,  5.1886,  0.0056, 0.876, 0.876
 1032,    3104,  5.1891,  0.0056, 0.876, 0.876
 1033,    3107,  5.1876,  0.0056, 0.876, 0.876
 1034,    3110,  5.1878,  0.0056, 0.876, 0.876
 1035,    3113,  5.1876,  0.0056, 0.876, 0.876
 1036,    3116,  5.1886,  0.0056, 0.876, 0.876
 1037,    3119,  5.1861,  0.0056, 0.876, 0.875
 1038,    3122,  5.1891,  0.0056, 0.876, 0.876
 1039,    3125,  5.1868,  0.0056, 0.876, 0.876
 1040,    3128,  5.1876,  0.0056, 0.876, 0.876
 1041,    3131,  5.1888,  0.0056, 0.876, 0.876
 1042,    3134,  5.1883,  0.0056, 0.876, 0.876
 1043,    3137,  5.1883,  0.0056, 0.876, 0.875
 1044,    3140,  5.1893,  0.0056, 0.876, 0.876
 1045,    3143,  5.1873,  0.0056, 0.876, 0.876
 1046,    3146,  5.1888,  0.0056, 0.876, 0.876
 1047,    3149,  5.1878,  0.0056, 0.876, 0.876
 1048,    3152,  5.1883,  0.0056, 0.876, 0.876
 1049,    3155,  5.1891,  0.0056, 0.876, 0.876
 1050,    3158,  5.1893,  0.0056, 0.876, 0.876
 1051,    3161,  5.1886,  0.0056, 0.876, 0.876
 1052,    3164,  5.1901,  0.0056, 0.876, 0.876
 1053,    3167,  5.1866,  0.0056, 0.876, 0.876
 1054,    3170,  5.1909,  0.0056, 0.876, 0.876
 1055,    3173,  5.1893,  0.0056, 0.876, 0.876
 1056,    3176,  5.1888,  0.0056, 0.876, 0.876
 1057,    3179,  5.1893,  0.0056, 0.876, 0.876
 1058,    3182,  5.1883,  0.0056, 0.876, 0.876
 1059,    3185,  5.1886,  0.0056, 0.876, 0.876
 1060,    3188,  5.1891,  0.0056, 0.876, 0.876
 1061,    3191,  5.1893,  0.0056, 0.876, 0.876
 1062,    3194,  5.1868,  0.0056, 0.876, 0.876
 1063,    3197,  5.1881,  0.0056, 0.876, 0.876
 1064,    3200,  5.1863,  0.0056, 0.876, 0.876
 1065,    3203,  5.1863,  0.0056, 0.876, 0.876
 1066,    3206,  5.1873,  0.0056, 0.876, 0.876
 1067,    3209,  5.1878,  0.0056, 0.876, 0.876
 1068,    3212,  5.1878,  0.0056, 0.876, 0.876
 1069,    3215,  5.1873,  0.0056, 0.876, 0.876
 1070,    3218,  5.1848,  0.0056, 0.876, 0.876
 1071,    3221,  5.1873,  0.0056, 0.876, 0.876
 1072,    3224,  5.1868,  0.0056, 0.876, 0.876
 1073,    3227,  5.1881,  0.0056, 0.876, 0.876
 1074,    3230,  5.1866,  0.0056, 0.876, 0.876
 1075,    3233,  5.1881,  0.0056, 0.876, 0.876
 1076,    3236,  5.1871,  0.0056, 0.876, 0.876
 1077,    3239,  5.1893,  0.0056, 0.876, 0.876
 1078,    3242,  5.1873,  0.0056, 0.876, 0.876
 1079,    3245,  5.1881,  0.0056, 0.876, 0.876
 1080,    3248,  5.1868,  0.0056, 0.876, 0.876
 1081,    3251,  5.1856,  0.0056, 0.876, 0.876
 1082,    3254,  5.1873,  0.0056, 0.876, 0.876
 1083,    3257,  5.1861,  0.0056, 0.876, 0.876
 1084,    3260,  5.1863,  0.0056, 0.876, 0.876
 1085,    3263,  5.1861,  0.0056, 0.876, 0.876
 1086,    3266,  5.1871,  0.0056, 0.876, 0.876
 1087,    3269,  5.1868,  0.0056, 0.876, 0.876
 1088,    3272,  5.1873,  0.0056, 0.876, 0.876
 1089,    3275,  5.1876,  0.0056, 0.876, 0.876
 1090,    3278,  5.1886,  0.0056, 0.876, 0.876
 1091,    3281,  5.1866,  0.0056, 0.876, 0.876
 1092,    3284,  5.1873,  0.0056, 0.876, 0.876
 1093,    3287,  5.1878,  0.0056, 0.876, 0.876
 1094,    3290,  5.1881,  0.0056, 0.876, 0.876
 1095,    3293,  5.1883,  0.0056, 0.876, 0.876
 1096,    3296,  5.1876,  0.0056, 0.876, 0.876
 1097,    3299,  5.1868,  0.0056, 0.876, 0.876
 1098,    3302,  5.1886,  0.0056, 0.876, 0.876
 1099,    3305,  5.1856,  0.0056, 0.876, 0.876
 1100,    3308,  5.1861,  0.0056, 0.876, 0.876
 1101,    3311,  5.1878,  0.0056, 0.876, 0.876
 1102,    3314,  5.1898,  0.0056, 0.876, 0.876
 1103,    3317,  5.1866,  0.0056, 0.876, 0.876
 1104,    3320,  5.1903,  0.0056, 0.876, 0.876
 1105,    3323,  5.1873,  0.0056, 0.876, 0.876
 1106,    3326,  5.1878,  0.0056, 0.876, 0.876
 1107,    3329,  5.1876,  0.0056, 0.876, 0.876
 1108,    3332,  5.1871,  0.0056, 0.876, 0.876
 1109,    3335,  5.1876,  0.0056, 0.876, 0.876
 1110,    3338,  5.1863,  0.0056, 0.876, 0.876
 1111,    3341,  5.1853,  0.0056, 0.876, 0.876
 1112,    3344,  5.1878,  0.0056, 0.876, 0.876
 1113,    3347,  5.1886,  0.0056, 0.876, 0.876
 1114,    3350,  5.1856,  0.0056, 0.876, 0.876
 1115,    3353,  5.1861,  0.0056, 0.876, 0.876
 1116,    3356,  5.1861,  0.0056, 0.876, 0.876
 1117,    3359,  5.1891,  0.0056, 0.876, 0.876
 1118,    3362,  5.1876,  0.0056, 0.876, 0.876
 1119,    3365,  5.1893,  0.0058, 0.876, 0.876
 1120,    3368,  5.1878,  0.0056, 0.876, 0.876
 1121,    3371,  5.1878,  0.0056, 0.876, 0.876
 1122,    3374,  5.1868,  0.0056, 0.876, 0.876
 1123,    3377,  5.1906,  0.0056, 0.876, 0.876
 1124,    3380,  5.1878,  0.0056, 0.876, 0.876
 1125,    3383,  5.1883,  0.0056, 0.876, 0.876
 1126,    3386,  5.1891,  0.0056, 0.876, 0.876
 1127,    3389,  5.1898,  0.0056, 0.876, 0.877
 1128,    3392,  5.1866,  0.0056, 0.876, 0.876
 1129,    3395,  5.1883,  0.0056, 0.876, 0.876
 1130,    3398,  5.1878,  0.0056, 0.876, 0.876
 1131,    3401,  5.1888,  0.0056, 0.876, 0.876
 1132,    3404,  5.1873,  0.0056, 0.876, 0.876
 1133,    3407,  5.1888,  0.0056, 0.876, 0.876
 1134,    3410,  5.1871,  0.0056, 0.876, 0.876
 1135,    3413,  5.1891,  0.0056, 0.876, 0.876
 1136,    3416,  5.1881,  0.0056, 0.876, 0.876
 1137,    3419,  5.1871,  0.0056, 0.876, 0.876
 1138,    3422,  5.1868,  0.0056, 0.876, 0.876
 1139,    3425,  5.1858,  0.0056, 0.876, 0.876
 1140,    3428,  5.1876,  0.0056, 0.876, 0.876
 1141,    3431,  5.1871,  0.0056, 0.876, 0.876
 1142,    3434,  5.1876,  0.0056, 0.876, 0.876
 1143,    3437,  5.1898,  0.0056, 0.877, 0.876
 1144,    3440,  5.1878,  0.0056, 0.876, 0.876
 1145,    3443,  5.1883,  0.0056, 0.876, 0.876
 1146,    3446,  5.1883,  0.0056, 0.876, 0.876
 1147,    3449,  5.1868,  0.0056, 0.876, 0.876
 1148,    3452,  5.1898,  0.0056, 0.876, 0.876
 1149,    3455,  5.1868,  0.0056, 0.876, 0.876
 1150,    3458,  5.1888,  0.0056, 0.876, 0.876
 1151,    3461,  5.1876,  0.0056, 0.876, 0.876
 1152,    3464,  5.1893,  0.0056, 0.876, 0.876
 1153,    3467,  5.1881,  0.0056, 0.876, 0.876
 1154,    3470,  5.1891,  0.0056, 0.876, 0.876
 1155,    3473,  5.1883,  0.0056, 0.876, 0.876
 1156,    3476,  5.1906,  0.0056, 0.876, 0.876
 1157,    3479,  5.1891,  0.0056, 0.876, 0.876
 1158,    3482,  5.1888,  0.0056, 0.876, 0.876
 1159,    3485,  5.1883,  0.0056, 0.876, 0.876
 1160,    3488,  5.1868,  0.0056, 0.876, 0.876
 1161,    3491,  5.1866,  0.0056, 0.876, 0.876
 1162,    3494,  5.1863,  0.0056, 0.876, 0.876
 1163,    3497,  5.1866,  0.0056, 0.876, 0.876
 1164,    3500,  5.1858,  0.0056, 0.876, 0.876
 1165,    3503,  5.1868,  0.0056, 0.876, 0.876
 1166,    3506,  5.1871,  0.0056, 0.876, 0.876
 1167,    3509,  5.1861,  0.0056, 0.876, 0.876
 1168,    3512,  5.1861,  0.0056, 0.876, 0.876
 1169,    3515,  5.1868,  0.0056, 0.876, 0.876
 1170,    3518,  5.1868,  0.0056, 0.876, 0.876
 1171,    3521,  5.1876,  0.0056, 0.876, 0.876
 1172,    3524,  5.1871,  0.0056, 0.876, 0.876
 1173,    3527,  5.1878,  0.0056, 0.876, 0.876
 1174,    3530,  5.1861,  0.0056, 0.876, 0.876
 1175,    3533,  5.1886,  0.0056, 0.876, 0.876
 1176,    3536,  5.1858,  0.0056, 0.876, 0.876
 1177,    3539,  5.1886,  0.0056, 0.876, 0.876
 1178,    3542,  5.1866,  0.0056, 0.876, 0.876
 1179,    3545,  5.1886,  0.0056, 0.876, 0.876
 1180,    3548,  5.1878,  0.0056, 0.876, 0.876
 1181,    3551,  5.1901,  0.0056, 0.876, 0.876
 1182,    3554,  5.1876,  0.0056, 0.876, 0.876
 1183,    3557,  5.1888,  0.0056, 0.876, 0.876
 1184,    3560,  5.1863,  0.0056, 0.876, 0.876
 1185,    3563,  5.1871,  0.0056, 0.876, 0.876
 1186,    3566,  5.1881,  0.0056, 0.876, 0.876
 1187,    3569,  5.1863,  0.0056, 0.876, 0.877
 1188,    3572,  5.1876,  0.0056, 0.876, 0.876
 1189,    3575,  5.1868,  0.0056, 0.876, 0.877
 1190,    3578,  5.1881,  0.0056, 0.877, 0.876
 1191,    3581,  5.1861,  0.0056, 0.876, 0.876
 1192,    3584,  5.1873,  0.0056, 0.876, 0.876
 1193,    3587,  5.1878,  0.0056, 0.877, 0.876
 1194,    3590,  5.1881,  0.0056, 0.876, 0.876
 1195,    3593,  5.1853,  0.0056, 0.876, 0.876
 1196,    3596,  5.1881,  0.0056, 0.876, 0.876
 1197,    3599,  5.1866,  0.0056, 0.876, 0.876
 1198,    3602,  5.1891,  0.0056, 0.876, 0.877
 1199,    3605,  5.1873,  0.0056, 0.876, 0.876
 1200,    3608,  5.1888,  0.0056, 0.876, 0.876
 1201,    3611,  5.1845,  0.0056, 0.876, 0.876
 1202,    3614,  5.1878,  0.0056, 0.876, 0.876
 1203,    3617,  5.1881,  0.0056, 0.876, 0.876
 1204,    3620,  5.1863,  0.0056, 0.876, 0.876
 1205,    3623,  5.1858,  0.0056, 0.876, 0.876
 1206,    3626,  5.1896,  0.0056, 0.876, 0.876
 1207,    3629,  5.1871,  0.0056, 0.876, 0.876
 1208,    3632,  5.1896,  0.0056, 0.876, 0.876
 1209,    3635,  5.1878,  0.0056, 0.876, 0.876
 1210,    3638,  5.1893,  0.0056, 0.877, 0.876
 1211,    3641,  5.1863,  0.0056, 0.876, 0.876
 1212,    3644,  5.1871,  0.0056, 0.876, 0.877
 1213,    3647,  5.1891,  0.0056, 0.876, 0.876
 1214,    3650,  5.1878,  0.0056, 0.876, 0.876
 1215,    3653,  5.1863,  0.0056, 0.876, 0.876
 1216,    3656,  5.1863,  0.0056, 0.876, 0.876
 1217,    3659,  5.1868,  0.0056, 0.876, 0.876
 1218,    3662,  5.1881,  0.0056, 0.876, 0.876
 1219,    3665,  5.1883,  0.0056, 0.876, 0.876
 1220,    3668,  5.1876,  0.0056, 0.876, 0.876
 1221,    3671,  5.1883,  0.0056, 0.876, 0.876
 1222,    3674,  5.1866,  0.0056, 0.876, 0.876
 1223,    3677,  5.1878,  0.0056, 0.877, 0.876
 1224,    3680,  5.1868,  0.0056, 0.876, 0.876
 1225,    3683,  5.1886,  0.0056, 0.876, 0.876
 1226,    3686,  5.1861,  0.0056, 0.876, 0.876
 1227,    3689,  5.1893,  0.0056, 0.876, 0.876
 1228,    3692,  5.1861,  0.0056, 0.876, 0.876
 1229,    3695,  5.1891,  0.0056, 0.876, 0.876
 1230,    3698,  5.1856,  0.0056, 0.876, 0.876
 1231,    3701,  5.1871,  0.0056, 0.876, 0.876
 1232,    3704,  5.1876,  0.0056, 0.876, 0.876
 1233,    3707,  5.1903,  0.0056, 0.876, 0.876
 1234,    3710,  5.1868,  0.0056, 0.876, 0.877
 1235,    3713,  5.1886,  0.0056, 0.876, 0.876
 1236,    3716,  5.1868,  0.0056, 0.876, 0.876
 1237,    3719,  5.1878,  0.0056, 0.876, 0.876
 1238,    3722,  5.1878,  0.0056, 0.876, 0.876
 1239,    3725,  5.1881,  0.0056, 0.876, 0.876
 1240,    3728,  5.1881,  0.0056, 0.876, 0.876
 1241,    3731,  5.1871,  0.0056, 0.876, 0.876
 1242,    3734,  5.1876,  0.0056, 0.876, 0.876
 1243,    3737,  5.1858,  0.0056, 0.876, 0.876
 1244,    3740,  5.1868,  0.0056, 0.876, 0.876
 1245,    3743,  5.1866,  0.0056, 0.876, 0.876
 1246,    3746,  5.1886,  0.0056, 0.876, 0.876
 1247,    3749,  5.1881,  0.0056, 0.876, 0.876
 1248,    3752,  5.1878,  0.0056, 0.876, 0.876
 1249,    3755,  5.1878,  0.0056, 0.876, 0.876
 1250,    3758,  5.1873,  0.0056, 0.876, 0.876
 1251,    3761,  5.1853,  0.0056, 0.876, 0.876
 1252,    3764,  5.1888,  0.0056, 0.876, 0.876
 1253,    3767,  5.1853,  0.0056, 0.876, 0.876
 1254,    3770,  5.1886,  0.0056, 0.876, 0.876
 1255,    3773,  5.1853,  0.0056, 0.876, 0.876
 1256,    3776,  5.1888,  0.0056, 0.876, 0.876
 1257,    3779,  5.1881,  0.0056, 0.876, 0.876
 1258,    3782,  5.1848,  0.0056, 0.876, 0.876
 1259,    3785,  5.1871,  0.0056, 0.876, 0.876
 1260,    3788,  5.1888,  0.0056, 0.876, 0.876
 1261,    3791,  5.1878,  0.0056, 0.876, 0.876
 1262,    3794,  5.1886,  0.0056, 0.877, 0.876
 1263,    3797,  5.1861,  0.0056, 0.876, 0.876
 1264,    3800,  5.1873,  0.0056, 0.876, 0.876
 1265,    3803,  5.1871,  0.0056, 0.876, 0.876
 1266,    3806,  5.1866,  0.0056, 0.876, 0.877
 1267,    3809,  5.1861,  0.0056, 0.876, 0.876
 1268,    3812,  5.1861,  0.0056, 0.876, 0.876
 1269,    3815,  5.1876,  0.0056, 0.876, 0.876
 1270,    3818,  5.1863,  0.0056, 0.876, 0.876
 1271,    3821,  5.1876,  0.0056, 0.876, 0.876
 1272,    3824,  5.1871,  0.0056, 0.877, 0.876
 1273,    3827,  5.1878,  0.0056, 0.876, 0.876
 1274,    3830,  5.1856,  0.0056, 0.876, 0.876
 1275,    3833,  5.1871,  0.0056, 0.876, 0.876
 1276,    3836,  5.1871,  0.0056, 0.876, 0.876
 1277,    3839,  5.1881,  0.0056, 0.877, 0.876
 1278,    3842,  5.1871,  0.0056, 0.876, 0.876
 1279,    3845,  5.1881,  0.0056, 0.876, 0.876
 1280,    3848,  5.1858,  0.0056, 0.876, 0.876
 1281,    3851,  5.1886,  0.0056, 0.876, 0.876
 1282,    3854,  5.1840,  0.0056, 0.876, 0.876
 1283,    3857,  5.1871,  0.0056, 0.876, 0.876
 1284,    3860,  5.1866,  0.0056, 0.876, 0.876
 1285,    3863,  5.1886,  0.0056, 0.876, 0.876
 1286,    3866,  5.1866,  0.0056, 0.876, 0.876
 1287,    3869,  5.1891,  0.0056, 0.876, 0.876
 1288,    3872,  5.1881,  0.0056, 0.877, 0.877
 1289,    3875,  5.1858,  0.0056, 0.876, 0.876
 1290,    3878,  5.1878,  0.0056, 0.877, 0.876
 1291,    3881,  5.1863,  0.0056, 0.876, 0.877
 1292,    3884,  5.1863,  0.0056, 0.876, 0.877
 1293,    3887,  5.1868,  0.0056, 0.877, 0.877
 1294,    3890,  5.1878,  0.0056, 0.877, 0.876
 1295,    3893,  5.1863,  0.0056, 0.876, 0.877
 1296,    3896,  5.1873,  0.0056, 0.877, 0.877
 1297,    3899,  5.1863,  0.0056, 0.877, 0.876
 1298,    3902,  5.1876,  0.0056, 0.876, 0.876
 1299,    3905,  5.1878,  0.0056, 0.877, 0.876
 1300,    3908,  5.1891,  0.0056, 0.877, 0.877
 1301,    3911,  5.1876,  0.0056, 0.877, 0.876
 1302,    3914,  5.1878,  0.0056, 0.876, 0.876
 1303,    3917,  5.1878,  0.0056, 0.876, 0.876
 1304,    3920,  5.1886,  0.0056, 0.877, 0.877
 1305,    3923,  5.1873,  0.0056, 0.876, 0.876
 1306,    3926,  5.1873,  0.0056, 0.877, 0.877
 1307,    3929,  5.1861,  0.0056, 0.876, 0.876
 1308,    3932,  5.1886,  0.0056, 0.877, 0.877
 1309,    3935,  5.1873,  0.0056, 0.876, 0.876
 1310,    3938,  5.1898,  0.0056, 0.876, 0.876
 1311,    3941,  5.1871,  0.0056, 0.876, 0.877
 1312,    3944,  5.1898,  0.0056, 0.876, 0.876
 1313,    3947,  5.1856,  0.0056, 0.876, 0.876
 1314,    3950,  5.1886,  0.0056, 0.876, 0.877
 1315,    3953,  5.1868,  0.0056, 0.876, 0.876
 1316,    3956,  5.1863,  0.0056, 0.876, 0.877
 1317,    3959,  5.1871,  0.0056, 0.876, 0.876
 1318,    3962,  5.1851,  0.0056, 0.876, 0.876
 1319,    3965,  5.1871,  0.0056, 0.876, 0.876
 1320,    3968,  5.1866,  0.0056, 0.876, 0.876
 1321,    3971,  5.1876,  0.0056, 0.877, 0.877
 1322,    3974,  5.1863,  0.0056, 0.876, 0.877
 1323,    3977,  5.1893,  0.0056, 0.877, 0.877
 1324,    3980,  5.1886,  0.0056, 0.877, 0.877
 1325,    3983,  5.1886,  0.0056, 0.877, 0.877
 1326,    3986,  5.1866,  0.0056, 0.876, 0.876
 1327,    3989,  5.1883,  0.0056, 0.876, 0.876
 1328,    3992,  5.1883,  0.0056, 0.877, 0.876
 1329,    3995,  5.1878,  0.0056, 0.877, 0.876
 1330,    3998,  5.1871,  0.0056, 0.876, 0.876
 1331,    4001,  5.1868,  0.0056, 0.877, 0.877
 1332,    4004,  5.1863,  0.0056, 0.876, 0.876
 1333,    4007,  5.1876,  0.0056, 0.877, 0.876
 1334,    4010,  5.1878,  0.0056, 0.876, 0.877
 1335,    4013,  5.1873,  0.0056, 0.877, 0.876
 1336,    4016,  5.1876,  0.0056, 0.876, 0.877
 1337,    4019,  5.1888,  0.0056, 0.876, 0.876
 1338,    4022,  5.1871,  0.0056, 0.876, 0.876
 1339,    4025,  5.1888,  0.0056, 0.876, 0.877
 1340,    4028,  5.1861,  0.0056, 0.876, 0.877
 1341,    4031,  5.1886,  0.0056, 0.876, 0.877
 1342,    4034,  5.1868,  0.0056, 0.877, 0.877
 1343,    4037,  5.1881,  0.0056, 0.876, 0.877
 1344,    4040,  5.1876,  0.0056, 0.877, 0.877
 1345,    4043,  5.1861,  0.0056, 0.876, 0.877
 1346,    4046,  5.1856,  0.0056, 0.876, 0.876
 1347,    4049,  5.1863,  0.0056, 0.876, 0.877
 1348,    4052,  5.1873,  0.0056, 0.876, 0.876
 1349,    4055,  5.1861,  0.0056, 0.877, 0.876
 1350,    4058,  5.1868,  0.0056, 0.876, 0.876
 1351,    4061,  5.1871,  0.0056, 0.877, 0.876
 1352,    4064,  5.1878,  0.0056, 0.876, 0.877
 1353,    4067,  5.1871,  0.0056, 0.877, 0.876
 1354,    4070,  5.1876,  0.0056, 0.876, 0.877
 1355,    4073,  5.1863,  0.0056, 0.876, 0.877
 1356,    4076,  5.1876,  0.0056, 0.876, 0.877
 1357,    4079,  5.1853,  0.0056, 0.876, 0.876
 1358,    4082,  5.1871,  0.0056, 0.877, 0.877
 1359,    4085,  5.1856,  0.0056, 0.876, 0.876
